<?xml version="1.0" encoding="utf-8"?>   
<!DOCTYPE hibernate-mapping PUBLIC   
          "-//Hibernate/Hibernate Mapping DTD 3.0//EN"   
          "http://hibernate.sourceforge.net/hibernate-mapping-3.0.dtd">
<hibernate-mapping>
	<class name="src.Role" table="t_role">
		<id name="id" type="long">
			<column name="id" />
			<generator class="assigned" />
		</id>
		<property name="roleName" type="string">
			<column name="role_name" length="255"/>
		</property>
		<property name="note" type="string">
			<column name="note" length="255"/>
		</property>
	</class>
</hibernate-mapping>